,start time,end time
0,1364725,1364857
1,1366529,1366729
2,1367509,1367737
3,1368657,1369381
4,1370637,1370901
5,1372469,1373069
6,1373441,1373621
7,1376873,1377001
8,1381769,1382209
9,1385661,1385809
10,1390845,1392777
11,1394353,1394453
12,1401421,1401569
13,1405209,1405349
14,1406061,1406257
15,1410193,1410369
16,1413909,1414041
17,1415513,1415757
18,1416053,1416229
19,1418813,1419217
20,1424037,1424213
21,1425625,1425813
22,1426001,1426177
23,1435913,1436025
24,1436201,1436417
25,1439665,1439781
26,1441149,1441321
27,1443445,1443601
28,1448657,1448893
29,1451561,1451737
30,1452845,1453093
31,1456841,1457237
32,1460145,1460265
33,1468881,1469121
34,1471753,1471921
35,1475357,1475737
36,1477473,1477681
37,1477985,1478129
38,1480765,1481053
39,1482801,1483137
40,1485057,1485361
41,1490145,1490473
42,1491969,1492373
43,1493025,1493437
44,1493909,1494245
45,1496033,1496229
46,1498973,1499037
47,1501473,1501829
48,1503681,1503913
49,1504605,1504777
50,1505617,1505849
51,1510297,1510493
52,1513189,1513309
53,1514697,1514841
54,1520081,1520481
55,1522677,1523117
56,1524105,1524425
57,1526573,1526797
58,1528089,1528285
59,1529541,1529813
60,1536885,1536993
61,1537869,1537981
62,1538213,1538469
63,1539317,1539713
64,1540113,1540377
65,1541617,1541861
66,1542889,1543193
67,1544149,1544373
68,1548797,1548853
69,1549361,1549669
70,1553769,1553989
71,1556385,1556585
72,1557933,1558181
73,1559989,1560213
74,1563005,1563205
75,1563705,1563925
76,1565333,1565489
77,1565921,1566105
78,1572741,1573017
79,1574525,1574777
80,1577737,1577797
81,1578165,1578357
82,1579837,1580073
83,1581101,1581141
84,1582465,1582753
85,1583521,1583721
86,1586649,1586885
87,1588849,1589105
88,1590721,1590881
89,1593377,1593773
90,1595277,1595497
91,1597325,1597585
92,1597737,1597985
93,1601893,1601941
94,1605033,1605413
95,1606657,1606941
96,1608797,1608977
97,1610745,1611505
98,1611717,1612017
99,1614805,1615029
100,1616481,1616649
101,1616869,1617077
102,1618981,1619213
103,1620217,1620453
104,1621285,1621589
105,1623341,1623581
106,1625229,1625469
107,1628109,1628461
108,1629201,1629521
109,1630297,1630533
110,1630985,1631241
111,1631901,1632081
112,1637245,1637521
113,1638705,1639029
114,1639277,1639493
115,1640617,1640765
116,1641353,1641733
117,1644165,1644601
118,1646265,1646493
119,1648301,1648605
120,1649749,1649917
121,1651597,1651993
122,1653261,1653629
123,1656401,1656525
124,1656761,1657069
125,1658997,1659189
126,1660681,1660881
127,1662149,1662413
128,1664629,1664721
129,1668277,1668405
130,1671645,1671981
131,1673461,1673657
132,1675357,1675465
133,1677437,1677589
134,1678405,1678713
135,1682333,1682533
136,1682985,1683337
137,1685989,1686201
138,1687357,1687769
139,1688765,1688945
140,1689821,1690149
141,1693109,1693365
142,1693925,1694457
143,1696269,1696493
144,1697545,1697745
145,1698813,1699025
146,1704113,1704293
147,1705121,1705501
